#{"t_start": 1591361345.185406, "env_id": "SuperMarioBros-v2"}
r,l,t
251,140,3.227279
508,639,6.833838
498,531,9.79052
511,560,12.931307
510,580,16.181759
614,779,42.347797
510,585,62.87517
484,1100,101.6229
491,663,125.313355
506,663,148.599531
498,823,177.433624
498,535,196.129874
499,817,224.789909
512,555,244.280618
495,594,265.080313
509,608,286.476593
503,737,312.342904
494,620,334.060869
508,632,356.265046
512,555,375.762332
492,650,398.511915
241,132,403.226251
509,608,424.779858
492,641,447.711038
498,822,476.546723
237,155,482.040621
499,520,500.247431
251,132,504.894154
506,671,528.382081
488,723,553.752937
505,682,577.707804
512,550,597.044378
498,539,615.928143
511,564,635.742898
514,519,653.972349
494,614,675.510646
508,624,697.39963
510,598,718.628377
495,591,739.448837
502,748,766.067205
509,618,787.86729
498,538,806.776585
248,124,811.155175
510,589,831.889297
223,150,837.201275
249,122,841.511499
507,650,864.316876
495,581,884.834778
506,663,908.207697
512,545,927.394686
492,641,949.971075
512,547,969.265364
242,129,973.807491
494,601,994.875119
503,727,1020.6257
503,720,1045.931412
230,134,1050.706415
513,526,1069.602288
628,786,1097.237198
494,607,1118.568542
511,562,1138.324155
512,552,1157.726562
226,132,1162.370075
513,536,1181.236617
513,539,1200.238341
492,659,1223.504112
511,560,1243.440376
492,957,1277.401088
228,132,1282.062072
513,538,1301.110514
238,145,1306.274509
492,657,1329.882352
508,620,1351.773983
237,137,1356.650733
489,715,1382.496664
512,557,1402.285607
511,563,1422.189763
495,593,1443.296758
252,132,1448.023191
505,696,1472.722504
498,537,1491.803871
512,558,1511.565129
626,839,1541.231953
232,122,1545.533249
635,649,1568.520559
508,635,1591.034343
496,565,1611.018557
504,700,1635.971688
505,699,1660.665464
499,517,1679.292406
611,1127,1719.242448
510,580,1739.818014
486,773,1767.154068
246,128,1771.713034
512,556,1791.38755
490,684,1815.541151
250,124,1819.950356
242,135,1824.768055
494,605,1846.215052
503,721,1871.713006
502,759,1898.485371
231,136,1903.276908
513,530,1922.014189
250,125,1926.448179
492,646,1949.479948
510,589,1970.258145
512,544,1989.790192
496,564,2009.841517
499,815,2038.577144
510,583,2059.172997
622,604,2080.526486
607,1204,2123.435608
586,721,2149.121052
491,675,2173.173299
245,120,2177.477207
621,929,2210.656671
498,527,2229.475472
625,846,2259.833948
244,139,2264.781798
497,555,2284.58872
512,551,2304.769029
507,650,2327.993676
226,136,2332.844173
623,885,2364.661874
513,532,2383.668717
606,931,2416.90673
633,688,2441.519159
504,715,2467.106299
215,168,2473.10601
507,659,2496.74938
247,127,2501.304899
234,122,2505.682129
248,130,2510.360021
249,127,2514.92591
494,602,2536.443883
251,122,2540.836848
796,951,2575.185742
498,534,2594.227596
636,620,2616.953388
621,931,2650.293294
234,130,2654.922086
247,132,2659.658329
614,595,2680.950349
784,890,2712.799595
628,798,2741.414265
250,129,2746.053786
615,754,2773.119948
638,352,2785.766618
506,661,2809.382974
777,1037,2846.544455
625,342,2859.105813
796,956,2893.494761
779,996,2929.518544
231,144,2934.690872
247,115,2938.800374
611,833,2968.476558
231,140,2973.497859
513,524,2992.254769
612,808,3021.031548
246,140,3026.048516
511,565,3046.180965
498,538,3065.404049
786,1146,3106.252011
797,938,3139.828224
223,136,3144.694923
746,558,3164.874571
513,529,3183.78209
223,132,3188.485443
623,384,3202.196701
640,553,3221.927488
216,150,3227.276309
249,116,3231.631753
789,1095,3271.05284
603,356,3283.680309
803,818,3312.842624
1040,642,3335.703989
623,590,3356.721009
238,176,3363.025234
802,827,3392.517195
736,570,3412.831384
610,310,3423.867824
628,794,3452.097583
220,136,3456.926309
803,817,3486.266728
241,129,3490.913639
997,1189,3533.100649
1035,722,3559.243459
512,558,3579.062384
1012,893,3610.773782
250,118,3614.969209
250,113,3619.082471
1000,1126,3659.071212
641,534,3678.050823
1091,1185,3720.117278
1001,1104,3759.416651
636,622,3781.744221
248,123,3786.115513
598,292,3796.456851
250,122,3800.821564
611,399,3814.940908
232,108,3818.757036
249,106,3822.528231
625,405,3836.909213
218,138,3841.776145
639,560,3862.080086
1043,772,3889.440193
623,590,3910.30983
514,515,3928.56549
246,113,3932.589318
790,772,3959.906845
252,106,3963.688279
808,709,3988.798875
236,112,3992.750855
636,623,4014.84878
1029,860,4045.289418
1045,694,4069.915092
814,598,4091.442743
234,157,4097.037198
217,160,4102.718853
616,264,4112.100349
594,389,4126.00588
745,496,4143.620009
1032,803,4172.657155
1038,669,4196.467063
606,286,4206.609236
248,110,4210.539237
249,109,4214.43416
233,116,4218.549897
632,348,4230.868472
619,421,4245.810266
635,352,4258.367034
624,278,4268.243595
1043,583,4288.957718
1032,933,4322.069731
242,130,4326.703393
808,705,4351.693745
607,392,4365.545164
796,944,4399.324938
247,115,4403.425431
604,318,4414.684214
512,557,4434.425382
637,335,4446.307138
797,622,4468.331474
618,350,4481.132237
772,649,4504.236396
607,260,4513.442853
252,106,4517.226707
620,273,4526.903387
236,114,4530.930503
1692,974,4565.46214
99,54,4567.39046
84,55,4569.344124
794,982,4604.228063
1348,570,4624.531929
84,55,4626.544078
814,592,4647.573919
1037,674,4671.596759
236,116,4675.750374
1042,571,4696.431403
248,115,4700.56146
1025,683,4724.902158
1038,697,4749.766804
740,467,4766.475374
232,112,4770.466519
807,720,4796.571064
626,325,4808.148963
206,154,4813.635187
636,290,4823.976481
616,325,4835.545795
1031,554,4855.322329
609,264,4864.728518
1044,624,4887.005989
590,274,4896.702873
603,260,4905.960266
609,277,4915.914653
1327,769,4943.430673
604,366,4956.499764
606,275,4966.328726
598,274,4976.042916
1057,540,4995.267383
651,329,5007.309606
591,258,5016.505942
251,112,5020.523976
607,257,5029.896803
588,256,5039.199242
1041,645,5062.666129
609,275,5072.639956
598,312,5083.880924
1031,848,5114.725565
240,129,5119.334059
1292,919,5151.944129
625,356,5164.622292
246,115,5168.727749
1556,830,5198.199914
608,364,5211.15728
607,241,5219.741809
789,798,5248.046252
240,136,5252.906702
248,113,5256.956321
591,266,5266.471781
818,502,5284.389694
249,119,5288.635493
1014,835,5318.568279
611,272,5328.261037
612,323,5339.747496
593,294,5350.174503
604,280,5360.122196
1038,708,5385.305254
602,384,5398.932664
782,1221,5442.773885
1326,961,5476.895823
62,58,5478.971673
651,336,5490.916162
1424,849,5521.211447
82,59,5523.299969
601,428,5538.558552
224,143,5543.645183
234,120,5547.884219
355,481,5565.003927
633,339,5577.107742
801,558,5596.911948
1573,920,5629.847187
99,54,5631.805293
84,55,5633.771214
248,110,5637.758054
611,277,5647.628671
591,264,5657.040865
611,296,5667.608745
614,243,5676.25313
1032,506,5694.228054
1047,520,5712.801386
1039,647,5736.266536
233,116,5740.357202
235,130,5744.996758
1042,626,5767.242779
1027,618,5789.094941
1310,994,5824.30693
248,111,5828.252606
1029,531,5847.00213
1339,737,5873.084011
99,54,5875.003362
84,55,5876.958476
232,134,5881.697435
1684,827,5910.99002
85,57,5913.017815
600,280,5923.166786
1298,1653,5981.394938
579,309,5992.284657
251,106,5996.045339
247,111,6000.003788
615,264,6009.30818
1013,1200,6052.216692
614,277,6062.02606
613,334,6073.785868
744,476,6090.602384
603,307,6101.432192
226,146,6106.591136
249,134,6111.327685
231,145,6116.465515
621,364,6129.289103
607,406,6143.661147
1335,849,6173.667466
84,55,6175.613646
1053,777,6203.218008
654,273,6212.948344
1023,701,6238.344832
609,290,6248.743818
237,157,6254.378908
1026,648,6277.602484
1345,657,6301.222681
99,55,6303.2254
85,56,6305.204478
1339,748,6331.940972
99,54,6333.89242
84,55,6335.873046
244,118,6340.115534
1044,543,6360.068692
233,114,6364.157019
725,336,6376.187471
236,123,6380.63159
219,130,6385.30831
801,868,6416.596326
654,271,6426.273787
1031,521,6444.81469
760,622,6466.965798
235,129,6471.608915
1025,654,6494.868638
245,114,6498.933121
247,111,6502.910741
233,112,6506.903848
1035,749,6533.958846
616,255,6543.18902
1323,745,6569.816222
1049,616,6591.923459
247,113,6595.996895
223,126,6600.536991
233,126,6605.060155
251,113,6609.132286
1033,511,6627.384485
1329,973,6662.820278
99,54,6664.770296
85,56,6666.785144
1337,874,6697.997072
99,54,6699.935073
160,84,6702.938127
250,114,6707.029456
611,233,6715.352525
1027,622,6737.553356
1053,417,6752.428378
632,347,6764.788201
1028,609,6786.305501
1043,569,6806.487585
1049,604,6827.987752
597,282,6838.05763
612,236,6846.612908
803,805,6875.213761
596,290,6885.448644
813,616,6907.381474
583,435,6922.865697
1018,784,6950.725537
1041,697,6976.100879
251,111,6980.04818
592,254,6989.025091
1040,649,7011.976578
629,401,7026.226326
1011,912,7058.46122
233,126,7062.912653
813,617,7084.757323
1021,730,7110.646493
249,110,7114.553841
251,111,7118.494726
499,514,7136.589885
248,152,7141.951433
237,131,7146.863353
1052,574,7167.29586
1035,740,7193.471064
235,133,7198.173368
1034,602,7219.398354
513,528,7238.039406
609,381,7251.464688
233,112,7255.422561
242,114,7259.461626
610,359,7272.123742
1032,531,7291.445279
1042,584,7312.018059
1033,799,7340.16628
611,340,7352.128986
249,106,7355.87934
242,133,7360.585045
236,116,7364.670237
240,132,7369.358087
1041,650,7392.240373
1047,629,7414.49999
1558,1032,7451.188127
99,55,7453.255529
84,56,7455.323191
597,464,7471.822158
639,315,7483.010745
1406,796,7511.258369
1035,753,7538.152506
234,133,7542.884841
218,134,7547.650261
1336,662,7571.182147
75,61,7573.378308
84,56,7575.37517
813,602,7597.241817
640,329,7608.917296
623,588,7629.815369
248,112,7633.800741
1321,612,7655.606669
619,661,7679.090376
246,118,7683.304387
234,159,7688.960086
234,114,7693.018934
238,132,7697.725513
233,133,7702.453949
221,136,7707.289374
1045,531,7726.268395
250,111,7730.248266
230,118,7734.456827
236,124,7738.900399
246,113,7742.966362
231,114,7747.013349
247,110,7750.939562
246,117,7755.127238
612,538,7774.530681
1053,858,7805.096953
1043,613,7826.940958
221,128,7831.500882
626,314,7842.705677
1327,656,7866.070308
232,114,7870.110847
233,126,7874.608021
754,523,7893.264824
589,380,7907.282181
252,112,7911.322447
1037,681,7935.609595
217,128,7940.185643
610,232,7948.472772
247,113,7952.51773
1022,697,7977.307507
606,518,7995.710618
780,665,8019.321579
1024,650,8042.420746
603,264,8051.828828
778,729,8078.040576
800,570,8098.294684
1334,547,8117.759824
99,56,8119.774984
84,55,8121.744771
632,340,8133.821043
249,109,8137.735384
600,272,8147.389188
635,316,8158.646942
617,371,8171.852429
622,310,8182.83742
247,106,8186.623144
1056,824,8216.304008
1306,773,8243.825045
1030,808,8272.549076
734,593,8293.68394
1020,767,8320.871689
614,280,8330.792366
1050,473,8347.56903
1024,621,8369.633059
1331,577,8390.406642
96,60,8392.572158
84,55,8394.51189
241,146,8399.731681
232,157,8405.31778
1019,751,8432.102798
230,130,8436.751302
1046,656,8460.175949
233,106,8463.941538
1157,636,8486.565681
249,111,8490.523669
1025,649,8513.605568
247,110,8517.542512
248,115,8521.809831
1318,873,8553.253032
602,372,8566.479726
652,313,8577.618014
595,240,8586.145181
807,728,8612.12612
767,683,8636.491201
1017,839,8666.350296
620,328,8678.172636
629,317,8689.606123
235,120,8693.863126
635,640,8716.643076
250,113,8720.702322
791,750,8747.422743
248,106,8751.220026
811,651,8774.434246
588,254,8783.471917
654,274,8793.292036
248,113,8797.338196
232,134,8802.066836
816,542,8821.345101
1044,554,8841.503604
499,505,8859.434444
615,242,8868.089444
1042,617,8890.151945
234,106,8893.922888
635,270,8903.569409
1043,630,8926.080213
1032,553,8945.805839
250,108,8949.662754
817,523,8968.324199
1402,1044,9005.816359
1046,1037,9042.921497
1701,849,9073.19228
83,60,9075.350477
608,230,9083.556823
1337,669,9107.416028
306,148,9112.706873
1930,822,9142.176986
76,57,9144.353944
162,86,9147.585358
615,608,9169.549081
512,558,9189.523215
595,482,9206.708503
813,604,9228.271417
514,506,9246.305244
1017,803,9274.934179
1060,759,9302.383651
637,600,9323.775775
602,364,9336.716761
638,278,9346.61783
248,105,9350.407464
1309,719,9376.058689
600,502,9394.040783
635,273,9403.788368
613,326,9415.421922
1343,670,9439.292053
100,55,9441.283014
84,55,9443.258373
599,442,9459.266196
654,277,9469.342587
1050,539,9488.534662
616,334,9500.39159
762,519,9518.960417
234,106,9522.730136
624,280,9532.715759
250,113,9536.797697
795,668,9560.589112
1320,1054,9598.336018
63,61,9600.621195
85,56,9602.622504
1331,614,9624.561706
98,59,9626.698802
82,60,9628.826708
638,582,9649.629545
619,597,9670.923394
592,248,9679.834799
609,456,9696.204233
1355,576,9716.990609
81,60,9719.154869
1568,826,9748.848077
97,59,9750.977333
83,60,9753.132516
610,238,9761.683353
633,369,9775.467851
1317,698,9800.408916
608,230,9808.70002
1309,982,9843.834466
1313,983,9878.981481
1328,913,9912.056339
97,59,9914.205395
83,60,9916.341952
650,348,9928.869126
249,105,9932.716863
580,456,9949.03581
615,544,9968.498281
637,612,9990.387272
638,294,10000.916629
1153,568,10021.273793
653,291,10031.687106
789,785,10059.755034
1321,752,10087.318173
96,60,10089.478644
76,66,10091.854919
1036,755,10119.080908
1144,733,10145.86551
594,280,10156.106428
615,286,10166.496712
607,229,10174.855076
234,114,10178.982356
651,332,10191.082449
245,111,10195.114193
1328,660,10219.364601
1034,798,10248.468123
806,749,10275.50066
1678,764,10302.826537
1344,652,10326.425189
99,54,10328.391864
82,60,10330.566733
621,316,10341.952266
630,399,10356.342099
592,288,10366.637942
1323,808,10396.022005
96,59,10398.2154
82,60,10400.356465
815,562,10420.509883
249,111,10424.493243
1329,544,10443.99
797,920,10477.055727
607,233,10485.377594
1316,794,10513.840642
1857,918,10547.048403
182,117,10551.251664
85,56,10553.265376
638,596,10574.663979
628,789,10602.830438
595,230,10611.027226
798,918,10643.800917
604,337,10655.848256
499,511,10674.132929
1339,759,10701.628181
101,61,10703.997609
82,60,10706.270728
1038,834,10736.321681
249,105,10740.129062
1024,642,10763.16071
635,296,10773.788538
1033,796,10802.294832
609,362,10815.236366
651,334,10827.509312
625,439,10843.237802
587,426,10858.505768
817,520,10877.114272
1573,905,10909.453101
309,144,10914.599971
1028,860,10945.411634
1044,540,10964.785807
619,308,10975.802113
608,314,10987.075463
816,549,11006.761132
802,526,11026.056117
1046,517,11044.538116
1915,1163,11086.156118
84,55,11088.129899
1343,681,11112.444647
100,55,11114.441968
81,60,11116.592833
243,114,11120.679698
1429,793,11149.269806
83,60,11151.407097
1322,728,11177.491025
63,61,11179.688021
60,83,11182.67521
1347,565,11202.906424
444,217,11210.708709
82,60,11212.851864
1349,571,11233.317894
331,139,11238.318584
63,65,11240.62798
631,324,11252.219715
1327,708,11277.614387
76,66,11279.9663
1428,762,11307.278446
83,72,11309.89078
50,63,11312.135914
612,548,11332.264222
652,301,11343.118668
606,364,11356.097259
624,254,11365.216066
1435,687,11389.813338
83,60,11391.947855
2102,1391,11442.053115
61,60,11444.251901
46,61,11446.433045
244,114,11450.582254
1857,887,11482.529009
81,60,11484.692293
610,256,11493.926399
809,699,11519.09928
1025,799,11547.777436
1338,786,11575.946416
63,61,11578.171173
46,61,11580.36442
618,558,11600.397424
1041,670,11624.385982
618,288,11634.885194
620,306,11646.246558
1046,499,11664.144302
599,352,11676.726563
632,711,11702.225313
616,249,11711.178831
606,336,11723.240669
617,306,11734.197839
623,331,11746.351233
1334,574,11766.876944
627,806,11795.713299
1428,727,11821.852936
55,63,11824.094098
251,106,11827.925088
608,383,11841.653689
1028,606,11863.404118
1338,794,11891.862007
63,61,11894.085006
80,69,11896.569954
249,112,11900.604784
614,365,11913.69189
605,342,11925.919107
250,106,11929.738041
1051,430,11945.280875
236,110,11949.408777
1347,548,11969.25504
96,62,11971.521639
652,314,11982.778319
610,236,11991.273955
653,299,12002.014025
746,628,12024.525973
1440,572,12045.080955
65,62,12047.345638
71,75,12050.193681
611,234,12058.748707
1339,738,12085.163438
46,61,12087.352188
609,380,12101.029622
1333,568,12121.478889
46,61,12123.672226
1434,684,12148.182791
61,60,12150.376433
48,62,12152.611256
639,565,12172.887672
631,271,12182.615983
1029,585,12203.577407
1571,920,12236.598094
84,73,12239.250599
48,62,12241.469406
626,833,12271.961382
609,235,12280.41758
611,268,12290.056091
250,110,12294.033377
637,297,12304.735922
601,284,12314.911031
625,342,12327.150725
1431,677,12351.421647
46,61,12353.678644
629,338,12366.096159
622,305,12377.02171
233,112,12381.028168
1580,702,12406.26335
61,60,12408.453522
431,182,12414.980621
247,114,12419.109456
812,627,12441.629521
604,288,12451.986926
1420,724,12478.081391
61,60,12480.274898
46,61,12482.515175
250,106,12486.346736
621,311,12497.514915
234,108,12501.395709
1576,832,12531.224144
61,60,12533.386423
50,63,12535.662268
653,284,12545.8493
251,111,12549.846769
228,120,12554.142045
244,114,12558.24714
245,121,12562.612843
1684,744,12589.705165
609,276,12599.625364
815,571,12620.187582
1332,602,12641.759965
631,358,12654.605318
623,317,12666.329385
1313,992,12701.888561
629,370,12715.18954
512,549,12734.868439
1336,520,12753.502434
607,306,12764.481833
601,431,12779.893585
1028,650,12803.014627
624,344,12815.295738
1050,515,12833.63322
578,562,12853.594593
1326,651,12876.791589
77,59,12879.022198
85,56,12881.099684
512,543,12900.729529
610,265,12910.171544
499,509,12928.259485
514,512,12946.4996
1029,874,12978.14258
624,300,12988.93529
611,318,13000.319864
639,560,13020.373659
604,314,13031.59361
1341,717,13057.286123
96,59,13059.441463
84,55,13061.426677
817,536,13080.720182
509,607,13102.403475
498,527,13121.214599
1703,722,13147.016265
94,59,13149.149165
84,57,13151.188523
623,880,13182.422898
612,541,13202.208117
597,606,13223.75396
608,318,13235.130475
817,527,13254.016817
498,531,13272.914306
1420,796,13301.581328
97,59,13303.698617
83,55,13305.678724
654,274,13315.457712
638,582,13336.325805
1413,774,13363.980538
1049,454,13380.222445
249,113,13384.258419
1407,880,13415.70384
758,522,13434.440083
1691,925,13467.511658
81,60,13469.66064
621,282,13479.695599
1065,615,13501.825386
1416,704,13527.340933
628,384,13540.990848
1686,991,13576.341952
80,60,13578.490995
1442,924,13611.768415
175,85,13614.836669
46,62,13617.05654
1052,422,13632.186827
633,277,13642.047413
1843,802,13670.587246
1033,801,13699.099858
1432,727,13725.077987
83,60,13727.235484
513,533,13746.295429
1044,558,13766.281212
488,723,13792.131406
357,454,13808.368135
514,511,13827.132993
233,112,13831.11708
718,534,13850.187182
1338,592,13871.352432
80,60,13873.472835
1037,681,13898.149703
1044,558,13918.080698
234,106,13921.856518
608,476,13938.805857
621,365,13951.799953
616,304,13962.567008
3162,2004,14035.572441
309,453,14051.697422
225,541,14070.821509
653,292,14081.18988
1043,612,14102.895079
1328,682,14127.27793
1333,511,14145.66396
74,71,14148.215389
85,56,14150.192036
1931,774,14177.693519
96,59,14179.824892
80,61,14181.977312
633,316,14193.199528
808,703,14218.406836
624,578,14238.833003
611,268,14248.320773
2207,1847,14313.743263
316,145,14318.89385
514,513,14337.038408
1430,711,14362.216172
46,61,14364.380987
3159,2090,14440.321209
246,423,14455.489622
586,479,14472.396647
1695,862,14503.085144
70,65,14505.568403
431,184,14512.178246
252,106,14515.963537
616,549,14535.417421
1902,830,14564.810199
612,284,14574.923646
809,691,14599.450989
1563,708,14624.505966
250,110,14628.440109
1432,789,14656.835398
81,60,14658.967931
628,302,14669.675034
641,291,14680.003321
1019,769,14707.234206
619,300,14717.865835
1857,885,14749.510802
76,66,14751.950891
636,639,14774.803505
1343,644,14797.67735
76,66,14800.023772
610,274,14809.893969
1857,921,14842.667862
81,60,14844.784726
250,110,14848.688041
235,129,14853.284349
231,114,14857.311395
1428,842,14887.209722
446,177,14893.582496
81,60,14895.726725
610,298,14906.347565
816,541,14925.579159
620,368,14938.685898
1588,638,14961.38581
97,59,14963.51874
81,60,14965.647178
1571,956,14999.616685
96,59,15001.72921
84,56,15003.731529
634,322,15015.169373
1440,565,15035.316402
81,60,15037.444588
1053,392,15051.390605
1582,753,15078.642865
46,61,15080.805106
1049,444,15096.577831
241,121,15100.898908
1027,591,15122.149498
247,108,15126.018287
616,273,15135.729319
1409,680,15159.926646
357,450,15175.866281
1349,557,15195.693246
81,58,15197.743599
2242,1787,15261.274882
65,63,15263.550738
76,61,15265.709335
1849,954,15299.690446
327,141,15304.722316
154,98,15308.214432
611,282,15318.259674
1037,712,15343.570366
596,256,15352.663303
810,676,15377.250547
624,579,15397.86265
792,722,15423.754985
1431,624,15445.992798
65,63,15448.248444
9,448,15464.150786
609,338,15476.167619
1686,881,15507.519532
83,55,15509.485534
252,110,15513.409351
2232,1352,15561.532031
81,60,15563.67751
616,342,15575.837973
247,107,15579.683899
709,382,15593.348306
631,730,15619.327556
1448,733,15645.379447
74,66,15647.713949
1348,557,15667.635627
73,81,15670.548218
71,75,15673.220962
248,116,15677.358173
244,121,15681.85608
230,128,15686.641539
641,534,15705.72188
623,435,15721.198686
598,520,15740.085051
1037,616,15762.193087
638,291,15772.609588
595,392,15786.650914
1037,741,15813.176178
615,347,15825.553399
1430,838,15855.434709
247,108,15859.305016
1580,751,15886.071786
82,61,15888.257214
606,356,15900.913367
1351,516,15919.298003
59,72,15921.86413
634,294,15932.33671
1321,765,15959.636717
83,60,15961.769531
1582,724,15987.685754
318,181,15994.436624
76,67,15996.957662
245,114,16001.186035
610,251,16010.172337
1565,782,16038.24787
1582,636,16060.892973
86,74,16063.554228
654,302,16074.312566
1700,754,16101.142711
170,103,16104.831051
46,61,16107.013443
1691,766,16134.232072
61,60,16136.410645
308,154,16141.885254
605,270,16151.472285
762,729,16177.42591
1327,670,16201.224401
244,114,16205.325356
2098,1460,16257.6055
306,164,16263.541517
1039,618,16285.980222
1570,795,16315.353354
47,61,16317.554324
2099,1450,16369.970246
448,239,16378.593695
152,104,16382.326285
252,106,16386.177596
248,115,16390.382229
2098,1171,16432.649572
514,509,16451.086701
249,113,16455.206146
1312,990,16491.280156
774,600,16513.078441
1935,921,16546.363085
313,142,16551.494678
513,522,16570.10008
588,419,16585.05075
603,382,16598.745522
1573,744,16625.866745
78,71,16628.409946
312,138,16633.335952
1341,729,16659.686655
93,65,16662.081323
317,140,16667.198517
1583,660,16690.896647
327,143,16696.0461
311,140,16701.095686
589,634,16723.855636
2102,1381,16773.345099
61,73,16775.975155
243,118,16780.294168
1070,524,16799.404006
1560,840,16829.773094
251,106,16833.632004
1681,1167,16875.843562
46,61,16878.056779
654,270,16887.759243
1074,470,16904.670523
753,818,16934.109534
605,252,16943.19402
1692,843,16973.522841
59,72,16976.129195
617,250,16985.159774
1342,711,17010.659672
828,978,17045.833131
1556,1144,17086.874618
97,63,17089.140597
46,61,17091.317397
602,244,17100.019129
604,253,17109.031295
230,122,17113.341729
242,116,17117.468547
1448,769,17144.853481
435,206,17152.269931
608,250,17161.134529
1918,909,17193.517237
424,232,17202.542055
250,110,17206.61078
640,293,17217.456829
1328,555,17237.096641
653,294,17247.546133
1048,521,17266.07117
797,624,17288.233169
1431,754,17315.040692
794,672,17338.979202
159,84,17341.965979
1579,802,17370.38338
177,87,17373.509957
61,65,17375.791474
629,326,17387.361432
252,115,17391.453963
230,114,17395.482077
744,472,17412.225186
244,115,17416.318756
496,574,17436.684234
356,470,17453.295399
1040,633,17475.762656
1023,701,17500.641138
252,106,17504.616162
1326,1062,17542.93197
179,94,17546.269688
812,638,17568.978047
356,475,17585.814986
234,106,17589.56341
243,114,17593.632985
618,403,17607.90298
759,704,17632.7837
1699,852,17662.971283
1099,707,17688.112618
159,90,17691.322005
608,280,17701.258694
248,121,17705.554392
1567,708,17730.628017
1583,708,17755.738475
178,87,17758.867606
136,126,17763.354768
1039,634,17786.008802
1347,600,17807.517037
162,90,17810.872054
1339,733,17837.569906
671,337,17849.629645
649,276,17859.535853
622,366,17872.597124
651,323,17884.099803
236,112,17888.06639
512,556,17907.818107
626,319,17919.149692
235,112,17923.110126
1045,497,17940.779219
252,111,17944.746888
234,112,17948.702313
1057,691,17973.252653
247,109,17977.130433
231,118,17981.323161
760,630,18003.722723
637,295,18014.231021
235,122,18018.560126
768,726,18044.401515
1034,775,18072.048192
614,264,18081.470438
252,122,18085.838013
248,139,18090.783579
611,298,18101.410586
356,472,18118.595322
356,468,18135.34826
605,276,18145.525457
232,160,18151.384241
1047,505,18169.532319
794,698,18194.487092
611,278,18204.437382
1319,843,18234.520873
1054,496,18252.207989
356,471,18268.986592
1050,485,18286.25348
638,294,18296.719536
1043,558,18316.624565
612,241,18325.24552
1338,659,18348.618538
246,106,18352.4123
1698,799,18380.880924
164,88,18384.017859
1038,715,18409.488029
236,131,18414.179211
234,112,18418.155928
244,114,18422.386516
251,111,18426.453062
236,114,18430.509055
629,372,18443.80755
617,551,18463.925753
233,106,18467.69727
241,116,18471.865245
1045,541,18491.129749
232,114,18495.175322
1344,620,18517.257251
662,343,18529.537607
84,55,18531.486429
248,106,18535.284474
1030,841,18565.273355
1029,579,18585.938856
633,356,18598.648587
248,107,18602.479918
605,342,18614.669896
2253,1258,18659.478268
439,261,18668.808493
83,55,18670.758316
1046,505,18688.741077
606,355,18701.453464
228,124,18705.866731
1051,449,18721.894547
779,645,18745.218181
1037,841,18775.684131
800,556,18795.496969
248,111,18799.472465
230,114,18803.525415
246,116,18807.659828
246,115,18811.793111
233,128,18816.3598
604,244,18825.110718
1072,518,18843.622103
597,356,18856.27176
1039,658,18879.785853
1067,558,18899.684038
229,114,18903.733056
247,110,18907.663859
244,129,18912.277969
235,136,18917.101525
1347,618,18939.139467
175,89,18942.353836
315,146,18947.636872
252,106,18951.438252
246,113,18955.487765
231,114,18959.528211
248,118,18963.740558
636,283,18973.841475
1320,602,18995.248429
246,112,18999.256903
1327,747,19025.925457
163,84,19028.904894
795,978,19064.017639
252,113,19068.048897
233,114,19072.22116
1568,952,19106.633323
176,89,19109.833591
64,72,19112.403889
612,358,19125.131114
249,105,19128.890005
231,114,19132.938509
637,604,19154.427211
1916,1051,19191.887846
54,67,19194.288397
251,110,19198.219561
603,451,19214.302134
234,130,19218.937419
250,110,19222.88534
623,417,19237.697723
1436,708,19262.852182
1331,829,19292.320783
179,83,19295.340575
426,222,19303.240788
248,110,19307.185396
1857,923,19340.361803
157,90,19343.686476
243,116,19347.864908
252,123,19352.267695
229,130,19356.894403
252,106,19360.696937
244,127,19365.240556
234,118,19369.459927
247,114,19373.551269
622,285,19383.877712
575,544,19403.736822
251,106,19407.52805
799,880,19438.935873
233,126,19443.433073
250,118,19447.649346
248,121,19452.047336
233,112,19456.038349
235,134,19460.836152
1066,533,19479.937895
235,112,19483.930074
252,106,19487.758251
251,117,19491.958369
234,112,19495.949886
252,106,19499.746113
249,111,19503.735361
1021,712,19529.083059
1045,592,19550.221213
626,305,19561.18369
1031,506,19579.355507
1039,641,19602.395809
763,625,19624.80611
232,116,19628.950047
1061,618,19651.53457
248,131,19656.309
236,112,19660.358072
252,106,19664.196434
251,111,19668.216348
234,114,19672.320665
609,260,19681.699774
237,129,19686.369322
622,618,19709.310797
1418,876,19740.761026
76,74,19743.44891
64,64,19745.746182
248,110,19749.6903
249,123,19754.097481
594,242,19762.768094
231,156,19768.349722
1049,446,19784.326512
230,132,19789.026296
1698,920,19821.84906
80,63,19824.142851
69,61,19826.332733
1437,550,19845.971683
63,61,19848.187138
159,88,19851.329639
247,112,19855.326647
248,111,19859.318192
233,112,19863.294791
252,106,19867.083432
249,111,19871.056149
598,248,19879.871421
251,106,19883.66744
1045,505,19901.653074
1416,770,19929.106085
250,106,19932.909168
617,301,19943.604865
1670,872,19974.823711
640,553,19994.49816
638,319,20005.923584
233,112,20010.087364
1046,454,20026.51922
1921,899,20058.512068
60,60,20060.649131
818,506,20078.660659
653,283,20088.782778
788,801,20117.221887
253,118,20121.439622
245,143,20126.557341
232,120,20130.814398
1347,596,20151.950824
175,83,20154.935114
312,138,20159.84063
249,112,20163.824578
1436,527,20182.486544
317,138,20187.406884
654,274,20197.117267
250,115,20201.21892
1567,662,20224.696309
1436,650,20247.65979
74,64,20249.949693
61,62,20252.119908
1694,686,20276.63156
177,91,20279.879143
160,92,20283.141535
1335,837,20312.641126
79,59,20314.759764
63,61,20316.946629
1350,502,20335.136162
673,249,20344.011875
312,136,20348.796031
1347,607,20370.235378
77,60,20372.401814
317,134,20377.12526
1705,728,20402.914302
75,60,20405.05619
60,61,20407.232676
252,106,20411.000505
1324,696,20435.635422
459,200,20442.719164
2799,2167,20519.484052
75,77,20522.243584
51,63,20524.485162
1064,669,20548.225
249,105,20551.970475
1033,495,20569.821744
1587,618,20591.754891
61,60,20593.896126
74,77,20596.62266
625,256,20605.736474
1574,855,20636.552178
140,128,20641.147923
250,118,20645.384119
1425,769,20672.677881
80,62,20674.881577
245,108,20678.717755
635,647,20701.662655
236,112,20705.618741
636,626,20727.792772
249,115,20731.879291
1028,544,20751.150249
251,118,20755.380897
248,113,20759.404701
1324,725,20785.034847
1691,856,20815.249151
855,732,20841.078922
49,62,20843.298062
1925,751,20869.856213
75,63,20872.233434
65,64,20874.636146
1049,465,20891.368903
614,265,20900.838711
1672,890,20932.592826
234,136,20937.478881
245,121,20941.972742
623,598,20963.497783
246,128,20968.140101
242,125,20972.641586
1302,939,21005.937227
238,128,21010.471717
1046,522,21028.987125
799,584,21049.797269
617,270,21059.413261
1580,747,21085.95775
60,63,21088.17129
613,352,21100.730864
1311,885,21132.215326
62,64,21134.478178
611,298,21145.078053
1045,487,21162.40693
634,380,21175.924579
1044,542,21195.475809
1352,573,21215.805413
53,65,21218.134719
616,242,21226.739458
613,249,21235.61256
234,112,21239.579851
252,106,21243.357135
252,115,21247.462601
237,112,21251.508132
1341,658,21275.305498
68,64,21277.594872
837,792,21305.725568
1337,780,21333.476615
76,77,21336.253694
309,216,21343.960119
248,108,21347.877279
1340,745,21374.462429
53,65,21376.775778
812,629,21399.198067
819,495,21416.840606
231,112,21420.803506
614,250,21429.703675
513,532,21448.491222
1330,788,21476.559622
1048,522,21495.400267
249,105,21499.144713
234,114,21503.191335
818,502,21521.02852
625,551,21540.597662
232,108,21544.423126
1322,574,21564.993777
447,175,21571.545089
84,55,21573.48844
252,106,21577.264233
245,113,21581.289042
1336,541,21600.550118
1574,894,21632.317758
68,263,21641.634063
430,208,21648.988672
504,715,21674.320927
1048,464,21690.71783
1035,433,21706.052668
806,758,21733.050584
651,335,21745.06618
2079,1554,21800.77464
242,126,21805.291317
612,339,21817.423691
1033,559,21837.374233
1038,706,21862.548232
1050,457,21879.174453
567,488,21896.662028
501,779,21924.324214
639,561,21944.21403
571,378,21957.624614
1039,667,21981.388617
640,543,22000.669396
1027,601,22022.053638
639,566,22042.259637
2212,1757,22105.290602
60,67,22107.703718
252,122,22112.086915
1916,985,22147.38293
47,61,22149.566716
653,288,22159.870041
1347,563,22180.017558
59,86,22183.096822
1347,602,22205.19767
61,60,22207.376264
60,77,22210.114053
248,132,22214.854633
1049,490,22232.34117
1330,648,22255.555043
2115,1135,22296.26535
328,137,22301.225099
81,60,22303.356008
742,524,22322.215415
625,265,22331.733301
800,568,22352.134872
653,288,22362.583917
1345,612,22384.562775
157,88,22387.722675
1335,839,22418.083372
1074,1246,22462.695566
656,255,22471.831537
1350,524,22490.75712
61,60,22492.945771
46,61,22495.169151
1044,558,22515.759721
249,105,22519.538386
639,278,22529.526517
1328,685,22554.158235
664,281,22564.297783
81,60,22566.437254
1920,854,22597.090741
1729,1815,22662.207618
65,58,22664.297182
247,122,22668.681365
654,273,22678.519919
793,714,22704.124346
1351,599,22725.931874
169,95,22729.389302
658,250,22738.434853
250,126,22743.040605
1324,607,22764.881639
84,55,22766.873135
738,470,22783.76384
620,323,22795.368917
1327,686,22820.526212
249,120,22824.850998
1330,647,22848.131205
84,55,22850.116447
618,260,22859.478225
1331,540,22878.920921
420,204,22886.255117
817,534,22905.438443
250,111,22909.469325
1330,644,22932.526997
618,250,22941.497967
641,287,22951.834881
499,503,22969.821827
1348,552,22989.658992
445,181,22996.17411
84,55,22998.156921
1347,505,23016.403408
671,293,23027.199634
317,134,23032.033294
512,548,23051.672414
244,127,23056.218533
1313,727,23082.263011
1023,974,23117.102044
1335,544,23137.153067
161,88,23140.313092
1346,580,23161.166336
432,201,23168.404728
425,188,23175.148051
1349,548,23194.822872
96,59,23196.943316
81,60,23199.103066
652,316,23210.420756
653,297,23221.088693
1413,754,23248.200377
2107,1293,23294.746337
61,60,23296.923542
46,61,23299.122577
1432,652,23322.647385
94,65,23325.136396
46,61,23327.426919
1920,932,23361.083567
434,203,23368.441691
46,61,23370.644797
1431,648,23394.018225
78,69,23396.535692
46,61,23398.716249
1329,823,23428.32973
61,60,23430.608086
46,61,23432.935458
1701,762,23460.711759
75,76,23463.492448
63,70,23466.035594
1349,535,23485.301802
603,231,23493.647746
163,88,23496.81792
1333,587,23518.021351
79,64,23520.363556
163,88,23523.529796
801,853,23554.198107
1049,479,23571.533355
1902,936,23605.382263
1427,844,23636.345935
98,59,23638.52561
159,86,23641.65402
1440,608,23663.634505
78,64,23665.977915
654,292,23676.510756
252,106,23680.373734
1312,1033,23717.693901
841,717,23743.719282
1436,670,23768.259895
74,71,23770.882913
64,67,23773.309027
1351,511,23791.710001
78,65,23794.065493
63,64,23796.386149
1420,822,23826.086269
443,229,23834.388086
65,67,23836.799885
1709,678,23861.294196
176,83,23864.323447
658,304,23875.392315
1325,535,23894.66144
74,71,23897.305773
64,67,23899.720089
614,348,23912.194856
818,519,23930.856394
1900,952,23965.403765
1412,1146,24006.501199
74,81,24009.432986
48,62,24011.667616
1327,650,24035.04251
332,139,24040.062643
156,104,24043.811139
513,522,24063.116791
512,545,24082.6967
1420,590,24103.931452
514,505,24122.123295
621,261,24131.530405
1310,559,24151.656478
1048,463,24168.29377
1048,482,24185.595209
724,438,24201.337507
818,502,24219.407181
514,510,24237.682995
1900,836,24268.07187
1423,756,24295.230602
79,69,24297.756245
163,82,24300.724077
1879,890,24332.800653
70,65,24335.150589
317,140,24340.186978
1326,529,24359.28281
178,89,24362.537965
83,61,24364.867508
2106,1306,24412.567611
167,101,24416.251184
161,84,24419.27078
1325,950,24453.407508
176,81,24456.346167
587,270,24466.024166
651,324,24477.655405
1916,905,24510.183978
416,200,24517.357374
789,816,24546.631403
1150,789,24575.189746
1024,685,24599.730487
1433,578,24620.417205
602,259,24629.738202
152,106,24633.550372
813,602,24655.251453
249,111,24659.279803
612,808,24688.936352
653,280,24698.946679
1427,837,24728.922176
76,61,24731.11084
1038,879,24762.484222
1433,697,24787.455917
60,83,24790.501842
630,276,24800.343777
613,337,24812.391456
771,1157,24853.616526
610,262,24863.324328
780,655,24886.684242
1679,856,24917.328962
639,567,24937.676707
1048,487,24955.028043
1329,615,24977.012968
734,504,24995.619559
247,111,24999.617366
1037,456,25015.921678
1711,682,25040.296846
795,653,25063.718875
64,60,25065.854195
804,790,25094.24513
249,119,25098.557558
594,264,25108.010294
249,116,25112.201752
1328,707,25137.680876
64,60,25139.846878
759,596,25161.263441
246,115,25165.630747
234,116,25169.836225
1328,648,25193.128981
78,59,25195.28025
64,61,25197.492927
1347,627,25220.065822
79,59,25222.223951
64,61,25224.401132
247,108,25228.29911
653,281,25238.422504
232,128,25243.031705
771,490,25260.658034
1414,1047,25298.441936
64,60,25300.719396
1588,608,25323.130948
75,62,25325.383121
151,100,25328.966677
1315,738,25355.539923
178,81,25358.468193
58,63,25360.741254
1044,554,25380.676153
1345,617,25402.856417
64,60,25405.002795
242,144,25410.19564
1688,735,25436.578603
64,61,25438.776304
1333,746,25465.51184
173,87,25468.88171
62,64,25471.291742
251,120,25475.700485
246,125,25480.188771
1863,790,25508.354775
1051,421,25523.398579
512,551,25543.035563
1844,778,25570.866113
1328,609,25592.692365
80,59,25594.829297
62,57,25596.881372
1041,603,25619.073797
606,273,25628.903745
638,286,25639.182856
249,122,25643.626432
613,251,25652.630924
1678,768,25680.219243
1858,858,25710.940905
77,57,25713.009445
654,272,25722.756618
1358,547,25742.341322
77,63,25744.652463
62,64,25746.937058
1038,687,25771.624603
1039,623,25794.274523
799,586,25815.335216
773,812,25844.545369
242,143,25849.71387
1841,814,25878.996898
514,503,25897.075251
2241,1494,25951.511429
64,61,25953.709259
1442,532,25972.857952
79,59,25975.019426
64,61,25977.199145
1333,584,25998.241164
447,173,26004.510247
578,246,26013.361001
354,506,26031.576282
1324,562,26051.890015
160,84,26054.930486
639,568,26075.446125
1428,697,26100.921841
163,82,26103.882064
514,502,26121.95571
1692,689,26146.741015
163,82,26149.706771
633,270,26159.468703
2367,964,26194.251287
70,70,26196.772874
1056,712,26222.429421
1341,669,26247.146996
58,81,26250.065442
247,114,26254.194673
1851,949,26288.423382
64,61,26290.626052
615,328,26302.478132
1684,879,26334.223745
62,64,26336.55519
250,114,26340.682037
809,688,26365.56918
1327,640,26388.689881
608,230,26397.250033
2090,1625,26456.025423
161,82,26458.988057
1422,788,26487.330054
326,149,26492.715218
65,65,26495.028415
587,378,26508.574996
591,431,26524.24415
625,302,26535.116601
761,896,26567.892986
1855,871,26599.57035
593,234,26608.050366
610,238,26616.661085
1835,887,26648.68291
162,82,26651.6421
1722,772,26679.43537
670,265,26689.04717
592,270,26699.11976
1863,850,26729.857599
178,83,26732.87376
163,88,26736.048864
628,302,26746.98445
249,111,26750.997975
708,412,26765.860548
611,234,26774.254109
1906,889,26806.100183
161,88,26809.234487
1317,700,26834.331913
796,951,26868.902008
232,106,26872.693089
245,112,26876.724419
251,109,26880.634896
609,262,26890.003583
613,240,26898.584364
249,113,26902.629477
232,106,26906.40154
1315,789,26934.607846
610,251,26943.655166
59,76,26946.376429
618,338,26958.450073
803,816,26987.709248
234,106,26991.479513
252,106,26995.365517
618,339,27007.817411
233,112,27011.834887
633,683,27036.265354
249,105,27040.044814
762,588,27061.072735
641,528,27079.943152
251,111,27083.934849
237,108,27087.824979
1051,456,27104.216124
632,712,27129.786911
624,564,27149.904178
1332,755,27177.562094
75,73,27180.181001
60,74,27182.815949
251,108,27186.702201
812,621,27208.869206
602,254,27217.996716
248,106,27221.777615
1050,418,27236.823371
1037,438,27252.508584
1060,690,27277.259402
1428,753,27304.288222
68,68,27306.748815
628,789,27335.209059
249,113,27339.274978
236,114,27343.350277
247,112,27347.353883
1032,834,27377.046683
492,654,27400.252904
250,110,27404.166715
1579,859,27434.734881
837,789,27462.79141
1439,562,27483.337949
669,301,27494.290785
1066,1100,27533.494235
1048,498,27551.24113
811,641,27574.058035
801,558,27593.995806
512,551,27613.645193
811,645,27636.996465
1568,668,27660.794581
252,106,27664.613176
1344,652,27687.881654
657,254,27696.963609
1680,1042,27734.199677
74,71,27736.77862
61,68,27739.223094
249,108,27743.104224
1437,593,27764.300231
654,258,27773.51692
1852,834,27803.908164
71,66,27806.275682
423,196,27813.29643
615,372,27826.633653
1697,751,27853.613834
62,70,27856.125896
637,314,27867.384669
1137,737,27893.801447
1311,550,27913.447182
1160,440,27929.557927
1050,466,27946.300613
638,290,27956.760864
1049,490,27974.286126
1880,781,28002.336045
64,65,28004.653355
356,474,28021.668544
356,462,28038.242492
499,515,28056.620624
1040,648,28079.855212
1922,795,28108.918143
150,100,28112.492798
1582,682,28136.865777
80,65,28139.214215
59,72,28141.791882
803,816,28170.905159
247,121,28175.244861
1019,764,28202.500109
1034,750,28229.450096
247,115,28233.725517
235,114,28237.774943
635,647,28260.873931
1326,533,28279.917366
51,64,28282.211114
759,532,28301.250537
1325,714,28326.800618
62,62,28329.032251
1047,506,28347.135283
249,113,28351.198073
1678,736,28377.588643
815,562,28397.735456
1051,632,28420.989204
499,509,28439.266809
1869,1076,28477.835777
65,62,28480.089761
53,65,28482.406319
632,702,28507.582056
1582,675,28531.755433
315,134,28536.748288
252,106,28540.660262
610,233,28549.015196
601,358,28561.826281
1912,1062,28599.944445
78,65,28602.309864
61,66,28604.657844
1313,782,28632.698174
327,137,28637.63747
313,138,28642.575849
1430,618,28664.661851
79,63,28666.945294
64,65,28669.28157
511,564,28689.459145
2090,1626,28748.104126
64,61,28750.287127
513,523,28768.984053
1072,455,28785.297855
236,122,28789.661851
1052,451,28805.82896
637,616,28827.886638
1418,612,28850.133784
248,106,28853.969973
514,516,28872.581289
233,114,28876.661597
1422,770,28904.250081
74,72,28906.85731
314,152,28912.312828
622,902,28944.684147
1684,847,28975.105568
60,75,28977.797866
638,587,28998.972994
631,721,29024.818896
1884,1354,29074.18167
616,404,29088.644329
500,789,29116.891621
1034,498,29134.80019
1045,508,29153.297476
513,536,29172.528099
1408,780,29200.486272
607,258,29209.751652
250,129,29214.378745
624,571,29234.842628
639,568,29255.223523
1424,843,29285.434733
63,66,29287.785424
245,122,29292.179389
639,565,29312.391812
626,536,29331.577136
635,649,29355.328599
246,121,29359.681872
622,619,29381.897975
1346,572,29402.433779
78,65,29404.797709
63,66,29407.175608
611,228,29415.366832
608,1182,29457.791772
2222,1565,29513.659412
637,610,29535.403504
1325,645,29558.405464
84,58,29560.482216
579,582,29581.167384
248,113,29585.211363
233,112,29589.216079
1325,707,29614.375336
99,65,29616.704003
83,60,29618.846125
639,560,29638.839934
1568,1007,29675.20703
82,64,29677.470082
1054,530,29696.361521
639,565,29716.470371
236,112,29720.439508
1841,1050,29757.822812
72,66,29760.268447
74,66,29762.751199
243,118,29767.05334
1582,733,29793.170308
67,73,29795.756995
638,580,29816.402532
1046,517,29834.804707
623,588,29855.725839
248,114,29859.811087
639,578,29880.393659
1679,816,29909.500882
252,106,29913.290126
249,129,29917.930106
499,517,29936.301389
639,560,29956.240835
1048,473,29973.485483
233,112,29977.584905
248,106,29981.39157
251,113,29985.420075
1308,574,30005.846082
248,106,30009.631884
1320,626,30031.969605
173,106,30035.766052
250,108,30039.622277
1038,850,30070.078207
1687,682,30094.23481
1418,766,30121.445922
68,64,30123.73227
62,68,30126.149402
811,652,30149.317084
653,299,30159.943628
497,551,30179.472412
640,550,30199.009174
249,105,30202.762033
2070,1725,30263.981492
247,122,30268.356788
623,277,30278.293017
490,743,30305.076642
513,533,30323.978165
246,107,30327.813617
494,617,30349.669155
1023,969,30384.287835
1047,536,30403.375921
236,114,30407.425012
633,298,30418.001015
247,111,30421.966005
234,112,30425.934651
252,106,30429.72918
1326,713,30455.067615
63,69,30457.516171
1048,464,30474.000856
252,113,30478.032018
1661,968,30512.369724
641,536,30531.54474
249,105,30535.292483
232,106,30539.058208
818,502,30556.868556
249,105,30560.614205
233,112,30564.591543
252,112,30568.575881
1859,903,30601.202917
415,206,30608.525494
1346,764,30635.649548
73,67,30638.061982
157,98,30641.57924
1332,588,30662.461449
80,71,30664.9927
58,69,30667.447155
817,534,30686.661819
1319,690,30711.148918
61,62,30713.351719
639,572,30733.666432
1047,523,30752.241149
1032,475,30769.118416
626,338,30781.153877
249,111,30785.148358
1333,547,30815.26099
1329,571,30835.591428
73,67,30838.031232
61,75,30840.708223
1052,405,30855.174276
247,109,30859.079628
2327,1485,30912.470773
1348,634,30934.989823
73,67,30937.401988
58,69,30939.835149
248,130,30944.474381
511,563,30964.463546
1415,684,30989.001962
231,136,30993.886017
228,141,30998.930031
621,630,31021.340082
630,336,31033.345994
237,133,31038.101981
229,120,31042.376145
1329,762,31069.500994
76,64,31071.788275
656,258,31080.989282
1333,899,31112.948807
84,74,31115.622699
61,65,31117.913794
246,114,31121.981334
246,115,31126.091675
228,124,31130.520195
246,112,31134.517332
641,529,31153.32926
231,108,31157.223725
251,108,31161.083872
235,135,31165.915771
235,116,31170.03358
251,108,31173.891494
1697,815,31202.886254
65,66,31205.233809
250,108,31209.095694
248,117,31213.422778
230,114,31217.682002
1046,479,31234.930169
1061,477,31251.969557
619,680,31276.194036
248,112,31280.253481
1322,781,31308.363183
316,146,31313.588424
1919,848,31343.893976
327,153,31349.383604
842,685,31373.815182
252,106,31377.624525
250,119,31381.883337
234,120,31386.161229
637,611,31407.941743
636,623,31430.220962
612,354,31442.846596
1060,749,31469.549104
1928,755,31496.460608
76,61,31498.638247
249,106,31502.440911
251,111,31506.411829
235,118,31510.60289
252,106,31514.407644
514,509,31533.039806
233,106,31536.824069
514,507,31554.885114
635,652,31578.124975
498,539,31597.284482
1338,646,31620.617828
671,259,31629.877999
156,96,31633.304768
654,270,31642.945952
513,522,31661.546658
1028,556,31681.357322
514,501,31699.263583
640,543,31718.629193
342,459,31734.971876
1048,483,31752.187865
251,119,31756.443513
232,120,31760.726063
513,535,31779.736429
1042,615,31801.687223
235,112,31805.695434
251,106,31809.497218
251,123,31813.898798
232,112,31817.878693
251,106,31821.675463
811,651,31845.403495
802,538,31864.600709
252,106,31868.4123
1032,826,31897.900604
497,545,31917.642925
249,114,31921.717134
1330,567,31941.932599
155,88,31945.056358
1330,574,31965.552727
446,173,31971.797632
843,672,31995.764145
245,124,32000.202132
1044,476,32017.179094
236,114,32021.233382
249,108,32025.097801
251,131,32029.780198
1313,637,32052.531177
1349,524,32071.261599
443,183,32077.816011
156,94,32081.172909
514,517,32099.625408
637,619,32121.739309
1031,468,32138.422771
1043,493,32156.549858
252,119,32160.837624
1319,756,32187.81019
637,613,32209.705638
1340,603,32231.472483
75,57,32233.517751
1441,584,32254.414107
603,263,32263.828691
153,98,32267.334738
1425,828,32296.981956
162,109,32300.902752
67,73,32303.496412
1331,606,32325.122259
59,67,32327.519104
69,60,32329.673766
243,116,32333.841727
244,117,32338.027464
227,124,32342.446752
247,112,32346.482036
514,511,32364.686139
616,734,32390.819986
633,680,32415.06585
251,111,32419.052029
619,678,32443.258807
635,651,32466.909316
627,804,32495.548784
624,568,32515.860994
1054,506,32534.24354
1318,822,32563.713597
499,512,32582.0298
514,511,32600.327148
251,111,32604.332801
499,509,32622.533112
1035,763,32649.8568
249,111,32653.85722
495,582,32674.682473
632,718,32700.409758
623,361,32713.353736
608,466,32730.0054
251,106,32733.818146
245,117,32738.026333
236,112,32742.020458
250,114,32746.102622
250,111,32750.086818
1302,703,32775.688363
513,534,32794.901294
494,917,32827.950613
498,535,32847.089552
249,116,32851.265935
639,570,32871.653305
624,572,32892.124449
638,589,32913.223695
2322,1874,32980.518257
301,197,32987.660401
239,126,32992.243494
636,626,33014.898207
1029,505,33033.044344
1040,565,33053.360893
1844,915,33086.658389
62,65,33089.054518
1333,539,33108.29994
76,71,33110.852866
63,65,33113.184885
513,522,33131.98259
513,533,33151.158994
1910,730,33177.269107
1045,712,33202.797921
1341,493,33220.44568
59,72,33223.027393
631,721,33248.849275
355,494,33266.526684
1332,581,33287.326258
355,495,33305.044714
611,577,33325.697821
1042,518,33344.244692
638,598,33365.624675
636,625,33387.980962
221,134,33392.885209
635,641,33416.045297
626,315,33427.293907
231,126,33431.767226
512,540,33451.210499
633,315,33462.392471
1315,695,33487.11001
1697,842,33516.96345
164,103,33520.642757
58,68,33523.098105
1339,630,33545.395681
443,185,33551.998789
654,278,33561.840255
249,120,33566.134298
251,111,33570.080646
499,510,33588.095957
250,120,33592.362606
252,113,33596.387745
624,579,33616.876186
513,526,33635.509777
250,111,33639.461047
341,465,33655.970222
509,618,33678.00979
252,113,33682.03005
232,114,33686.079326
251,106,33689.882644
806,741,33716.77129
237,114,33720.802164
1349,555,33740.457129
331,133,33745.332362
437,196,33752.358361
513,521,33770.75094
247,113,33774.769825
234,114,33778.791207
513,532,33797.667391
1046,545,33817.104868
1037,436,33832.678448
1066,562,33852.8012
1336,787,33880.994244
177,100,33884.583842
252,106,33888.39503
251,111,33892.394884
787,838,33922.245473
249,106,33926.07082
251,111,33930.037493
341,471,33946.825769
1343,680,33971.029579
95,64,33973.343555
60,77,33976.082729
1352,504,33994.075876
80,71,33996.617883
590,254,34005.67116
514,512,34024.419426
250,111,34028.384923
235,112,34032.360192
251,106,34036.151346
513,530,34055.249394
1028,558,34075.133571
357,447,34091.061167
1031,754,34117.88647
498,527,34136.655948
737,630,34159.026678
504,715,34184.432501
1298,788,34212.552542
631,738,34238.770195
1336,545,34258.155504
51,64,34260.425145
512,540,34279.561538
625,327,34291.15678
236,112,34295.12651
514,502,34312.904665
639,325,34324.54396
236,114,34328.812872
513,528,34347.747853
510,581,34368.524362
617,336,34380.380675
1059,418,34395.139092
1688,983,34429.885642
80,66,34432.233677
514,508,34450.265615
1320,861,34480.800859
62,62,34482.993138
509,617,34504.761894
1332,578,34525.130148
49,57,34527.117779
513,527,34545.676944
1436,651,34568.610124
48,62,34570.800432
635,322,34582.185982
242,137,34587.019965
1321,587,34607.676627
247,112,34611.638895
248,117,34615.805602
236,112,34619.739367
1339,588,34640.746175
66,62,34643.042389
60,63,34645.340983
812,636,34668.013213
602,431,34683.265021
495,587,34703.920322
249,110,34707.8355
512,545,34727.002326
621,622,34748.881649
604,416,34763.576106
251,123,34767.93165
626,536,34786.781285
252,106,34790.534716
514,510,34808.486641
1031,508,34826.399489
252,106,34830.144216
250,111,34834.065322
236,112,34838.009609
640,556,34857.600901
247,113,34861.597384
236,112,34865.534081
250,110,34869.416635
631,723,34894.843467
787,834,34924.165967
252,106,34927.909205
500,790,34956.271562
801,558,34976.257883
252,106,34980.039182
248,111,34983.981655
235,112,34987.93411
514,509,35005.959636
511,562,35025.81626
1040,512,35043.90599
252,108,35047.751234
512,542,35066.916704
235,112,35070.859961
252,106,35074.624883
513,521,35093.01632
617,720,35118.449914
1040,678,35142.392191
608,237,35150.793285
597,242,35159.362703
809,688,35183.705873
1328,959,35217.763753
56,66,35220.091977
608,274,35229.850271
609,269,35239.44227
639,276,35249.26111
252,106,35253.049509
1336,810,35282.693995
158,90,35285.904402
1043,598,35307.185488
1576,887,35338.782367
160,90,35341.993942
637,615,35363.921301
242,125,35368.373389
802,540,35387.581716
652,300,35398.280409
249,115,35402.394263
227,120,35406.682544
637,602,35428.08497
1339,541,35447.300727
654,294,35457.832362
356,467,35474.455517
607,233,35482.742671
233,128,35487.270679
249,114,35491.341345
247,119,35495.607108
234,112,35499.576216
634,663,35523.181157
249,111,35527.160159
498,538,35546.271752
602,264,35555.679443
244,115,35559.807785
592,234,35568.146377
248,112,35572.342702
514,514,35591.269591
499,511,35609.432554
638,580,35630.06308
614,277,35639.944337
499,509,35658.034624
248,116,35662.178382
247,125,35666.632977
225,122,35670.999371
630,759,35698.033556
